Temperature,Vibration,Power_Usage,Humidity,Machine_Type
58.70293145,58.86125798,7.482990179,37.25500719,2
73.84065449,53.31440634,13.49916781,30.72760599,1
53.9355368,58.63481926,13.98503071,28.19344719,1
67.51035852,48.17523635,9.541218512,32.12921829,0
69.25566571,47.85348888,9.8764716,19.62205995,1
72.43339449,49.74303138,6.739053513,23.60484632,1
79.75119733,50.74333729,11.78076633,36.99797323,2
72.35614558,41.92434092,12.92835448,25.84022541,2
74.4001445,63.22171674,11.75209359,30.30042997,2
59.91913689,52.57969609,11.30227248,35.37159006,2
80.37539944,38.18533782,11.69686176,36.2961662,0
76.38592459,50.70443123,10.94726415,37.48715842,2
65.84712086,55.74318675,10.77831839,36.65669531,1
87.54794182,59.49940967,10.04780609,36.76101339,1
64.86133083,56.19141536,8.432468669,28.06150042,2
75.04046516,63.00841557,8.568480022,27.19696182,2
62.84696291,54.81939558,6.266920097,33.89674502,1
78.57659623,52.70731364,11.36713865,32.14158346,2
64.6024032,51.83643657,8.515031535,24.00151236,0
79.54001763,46.40796367,11.76466612,38.33612056,2
50.12431085,54.25110871,9.09962147,28.75735691,1
75.21941566,57.97252532,9.79349048,29.44667316,0
77.47293605,49.12520122,9.232057456,31.08312488,1
70.55724912,50.33927755,9.113911958,22.28599242,2
67.52481364,49.81481601,9.517005108,23.85778084,2
64.07606076,53.48193724,15.89818885,31.61487252,2
72.44966571,52.18469085,10.9840377,24.86815396,2
55.7774629,54.66295416,11.71917577,27.42390803,0
69.03286888,49.39809418,13.06473545,23.42092092,2
74.73592431,52.26767151,11.18362827,37.47469114,0
55.91538704,55.54849921,12.04741909,25.81539648,0
80.98776852,54.0888315,13.59042271,32.24736956,1
56.51814578,53.6940524,7.882184826,21.80985471,1
80.94191518,54.26386838,9.041014065,26.83622485,1
74.96714153,56.99677718,8.64964345,20.46096221,2
76.81952971,44.67443168,11.677881,29.73047575,0
57.19570648,53.36286851,10.28977567,27.37716493,1
67.96954614,51.5089595,8.870451992,37.3327043,1
56.20680772,48.45982858,5.825945963,24.51315841,0
69.33920201,51.61583857,11.11102529,29.48284388,2
73.11250155,52.09766222,12.90652133,19.47176529,2
65.49934529,54.98023843,13.34690418,32.17987695,1
69.22898291,50.52100552,9.360304953,23.4143404,0
91.90455626,44.26827303,11.09423823,33.69826576,2
81.79440121,48.17339224,9.83312406,39.86271088,0
90.60747925,52.6914804,12.09463541,26.96322783,2
81.67782062,45.61008707,13.74193035,31.73354989,1
82.78451863,51.84821096,10.65901747,25.28720997,1
70.97077549,49.6419937,10.65348953,20.91010387,2
64.35921369,50.48991577,9.215057788,26.13715626,2
61.42842444,56.96001143,9.285109154,32.61071273,0
60.18491349,56.0654885,7.825508122,25.4186295,2
76.48709888,48.14994485,17.85247541,35.00815913,1
63.54880245,51.73251941,11.8524308,33.46361378,1
65.06999065,62.46499759,11.9577161,17.56095672,1
70.68562975,52.10960377,10.03923332,29.81214678,0
61.71004989,46.65954773,12.10389524,31.69276438,0
76.4537595,44.77595403,6.937784995,21.11994123,0
81.58110874,45.30332303,7.816598248,29.9879808,1
72.59882794,49.13464088,9.553595491,32.16131475,0
79.71570951,45.80395166,9.9130461,32.09102878,2
73.38496407,51.00284599,10.74421095,40.62385702,0
85.49934405,54.82043584,8.852796454,32.21501065,2
69.37320903,51.54416506,8.167616169,27.61177209,2
79.63376129,55.11285216,13.16108137,24.22818666,1
63.9936131,53.06758986,10.41931883,27.45096653,2
79.7255445,50.97303728,6.902763402,26.20148441,1
57.54261221,51.59890967,7.273651991,26.91179162,2
79.50423838,50.16002075,11.78039682,34.30818062,1
63.62612873,44.03181584,7.790274414,36.48031531,0
62.46263836,54.26707779,10.93271675,27.92016536,0
76.06009951,48.79371173,12.09017695,31.53806334,2
72.27459935,48.51218248,10.32952168,34.23385388,1
73.41151975,49.68703436,10.30351598,33.88013957,2
85.79212816,54.4759661,10.00241095,32.43018145,1
62.74256187,51.19184491,9.406785082,29.09248419,1
100.7888081,45.56253911,7.322788401,35.76795172,1
85.64643656,43.58503888,10.39463141,38.1592845,0
66.92221765,58.662575,8.929329826,22.92366404,2
71.96554777,54.48419658,9.357514468,30.48835188,2
63.38213535,52.8449154,9.185927374,30.92355237,2
77.81822872,50.07789524,12.97972688,32.35022094,1
72.71578837,49.19933602,9.174004356,31.28599485,0
91.43944089,45.98162716,7.577656141,23.59772214,0
93.14658567,44.0620079,9.283319696,24.7492963,0
62.99879185,51.19623432,9.871623646,21.9421632,1
79.26177548,53.89180538,11.14122599,35.90320456,1
59.37696286,58.06855635,11.34572247,21.34399348,0
72.08382808,54.00204763,13.03278811,21.55408481,1
76.21809962,46.28764707,9.017692506,21.14465723,1
77.14000494,54.70385594,13.0668674,36.65287452,1
71.71368281,47.70557869,9.181435124,30.7848648,0
73.26133022,44.99834338,12.16353346,27.14126979,0
72.57550391,46.8811552,9.342763049,32.25301706,2
78.30335817,45.8620489,8.399922871,36.19792003,0
61.60782477,49.87222965,9.047558253,27.2222661,0
76.22849932,46.21602456,12.6809221,17.33876957,2
49.325579,50.90510779,7.41547461,30.7049135,2
71.84836124,54.76437274,8.483435862,40.2103802,2
76.40842861,45.59062674,7.516478849,28.39851098,2
64.55617275,58.63771585,3.960975688,20.6512915,0
77.5750771,51.97335765,10.07587567,30.65963983,1
64.2310813,35.63868893,10.10986822,29.19819959,0
53.38479938,41.15780317,8.14723774,39.28851172,2
74.81009232,47.86821202,10.91456081,35.97381431,0
75.93101258,50.6318979,10.66771993,34.360985,1
64.41078153,37.34856239,9.767541914,34.80152398,2
74.12931454,48.05911591,10.01412632,32.51392213,1
66.1491772,51.97901767,8.265739569,26.45279499,0
61.3600923,54.77652604,12.48935916,29.69498014,2
75.00917188,57.56724872,10.17178601,26.02221466,1
80.7363175,40.10350095,8.562335225,39.27751657,2
56.64655641,49.58447214,8.700469546,28.36651893,0
67.47431849,50.84680412,11.36043221,33.32708412,1
78.89630796,46.4042334,10.73746629,29.38135527,1
72.11017467,55.53540335,8.363142668,22.82045238,1
64.75479734,45.4814907,9.341104427,30.89347358,2
59.95859233,54.76568317,13.12577754,35.18043826,1
70.99332305,44.87906588,9.540400739,36.39759335,2
60.60120214,52.93182009,9.531184399,25.9751676,0
60.91975924,48.39826346,11.27083606,27.74420571,1
81.03301882,49.54733359,5.799946985,29.20923078,2
72.03463636,48.00181907,8.466686824,29.67907919,2
51.29208079,42.18727072,11.71690223,31.12169828,0
77.17542256,47.08461281,9.651291484,29.51042377,0
70.12592401,45.3336602,6.585284085,30.88875053,2
64.81729782,60.38373992,5.407638094,24.41406769,2
68.14341023,35.7572869,9.725256423,28.33569798,2
57.100391,60.3126246,7.934952193,29.3813366,0
81.63163752,44.53843618,8.648583842,34.40703764,2
50.479122,43.34383523,10.92412179,37.51709914,0
75.19346514,49.92345075,7.941256984,24.23333798,0
69.80983792,47.117448,12.42388797,27.03094296,2
68.9296964,53.76670811,8.839893517,35.44384827,0
70.69802085,50.96024558,11.332625,30.39798931,2
72.41962272,60.37630436,8.4617153,23.56418216,1
59.29107502,54.59158303,9.639216636,24.48165086,2
70.97676099,47.78358874,7.76695112,32.00240693,0
64.69131227,58.07791412,5.758599695,30.87768115,0
71.29221182,65.96553784,11.33668098,33.67318773,0
53.87284129,52.06899549,9.637551654,33.4760145,2
73.26927374,51.46778966,9.400646704,31.60392863,0
71.28104415,52.96778361,6.175490049,28.01402342,0
58.93474091,48.23416854,12.06116117,25.87173159,2
62.03104745,52.34387128,10.86591965,31.5656607,1
76.32781866,44.92089091,9.893758694,39.60183751,2
65.7311893,55.14980409,10.62261735,33.72092855,1
70.13001892,41.53521593,6.784677946,22.66607405,0
71.06430228,49.88565969,7.265724387,23.71065922,0
66.28559134,45.38794908,8.922316288,34.10079093,0
72.48220586,53.46552804,8.748645425,23.53246187,0
62.6906996,53.89830266,8.830764539,22.61537536,1
88.31458766,50.68267666,8.699952131,29.62167198,2
61.79317682,41.77300627,12.28029808,26.52699815,1
87.6545424,51.16892956,9.621759218,31.14498196,2
59.87895625,48.32612334,13.39991475,32.10773042,1
88.46707326,51.40080579,9.000539648,32.68145455,0
80.91506852,52.73366784,11.25126187,31.69343659,0
62.32652437,48.95338161,12.89699846,24.87985705,0
54.65885829,52.27943886,7.754910388,39.95776651,1
43.80254896,54.9813341,8.764696209,26.33483502,1
94.63242112,52.47840944,7.995625088,23.95261532,1
65.5570674,50.10396854,12.40015791,31.68072482,0
83.2915253,51.42777037,8.782820554,39.45220343,1
61.01585329,52.29986071,6.307624276,22.11501759,0
68.38714288,55.54091408,7.621176214,26.35198765,2
68.07639035,50.75209453,11.48164869,31.94489365,1
71.15674634,51.34296139,10.68117843,31.03901254,1
51.95117899,55.4437431,10.96537577,24.13060018,0
59.64757678,51.90579192,10.478809,28.11849638,0
75.14438834,48.74583492,7.703473422,40.23431098,2
62.97946906,53.63814772,11.24441429,29.52770643,0
64.44800473,43.85225203,11.73830918,33.35765586,0
75.13267433,49.01825075,12.90493507,30.71793968,1
61.74502803,46.93298668,11.00133144,23.17087922,0
67.79035826,46.79259202,7.739592551,39.61722897,0
59.73484701,53.73955128,11.49001063,31.12117372,1
48.01194043,49.47025823,11.91060112,33.80423327,2
88.76795813,45.23335696,9.630949285,26.04550309,2
73.33662105,54.51967421,10.11604547,22.60277888,2
69.44415329,42.18404596,7.724628659,30.55686301,2
66.07891847,53.66320039,12.07822357,25.6805852,1
65.34270246,50.98799802,8.474550443,36.62898324,0
52.86865471,43.26436855,8.156280374,32.52794621,0
57.889838,49.26198707,8.162626977,23.80473649,2
66.98896304,49.80745765,10.30470974,31.12108202,1
68.84351718,55.39340417,8.951823204,27.06734365,1
76.28345509,52.99964365,11.69820422,34.17375663,2
88.96792983,52.8195456,7.484844282,30.79026745,1
68.09661322,56.04183115,9.440479663,29.75955746,0
64.82388701,47.18915987,8.12698725,34.75007914,0
60.21236284,60.28747735,10.42256738,35.03566668,0
74.93317901,49.31275743,10.39004997,30.51719065,2
55.84629258,54.99005055,10.75281905,26.46553716,1
60.35076539,60.28103565,11.14411488,31.26284423,0
67.35343167,45.05704446,14.04721244,34.87656229,1
56.95530499,51.99843976,8.994050459,33.47701237,0
85.51151976,50.28506562,11.10295255,34.20367241,2
68.23052773,44.47147666,8.725384506,23.04889037,2
65.10560557,43.82825564,8.786269644,20.78103208,0
77.21672064,52.01865045,11.35828555,24.40226936,1
84.53534077,49.50830187,10.36948116,27.49298927,2
65.30824348,50.92340153,7.100709561,23.07006029,0
72.19150328,61.15650073,10.71690724,31.09267021,0
57.23251424,53.35670038,8.146603382,28.79667413,0
76.4272276,49.72553,8.350971677,26.34184131,0
57.77872191,44.10480104,10.67011606,33.01547342,2
64.74244978,46.97142538,9.902695297,35.13493132,0
73.42725346,39.32162893,11.86438313,29.53527897,2
56.48315394,53.3893766,13.14603945,31.64553389,1
62.92330534,52.09509505,9.158476413,26.43889618,2
80.06292809,44.15041582,7.508565247,29.7548533,1
68.52942618,48.31457014,11.15041003,23.28936126,1
64.37712471,50.98955392,9.612347722,35.19189426,1
59.93982619,50.32237207,9.988807962,35.51938672,0
61.4164222,58.06139129,7.73876933,31.38679231,2
76.8626019,53.1688844,11.48838394,36.85268072,2
97.20169167,44.48205341,10.01359969,32.57814044,2
69.52288644,54.31196736,10.57744733,24.38252983,2
70.67528205,49.87822704,12.72131719,27.94286696,2
69.81486864,47.26877776,9.261445722,30.39288515,2
67.45022783,45.00348884,11.69634843,33.65690126,0
54.84255885,54.05404137,10.9677533,26.05330747,0
61.77779604,50.80286991,11.39765684,33.53039457,1
49.60767822,54.07868606,7.960671323,36.73112878,2
68.44322765,48.98163125,6.24015123,22.16070287,2
62.32202435,51.43562083,9.452013836,22.88512537,1
80.53802052,52.71649015,7.413454084,36.39432907,2
53.0753537,52.42366409,10.59315109,32.98220569,2
66.72337853,50.25972943,7.722333764,32.09804986,0
73.94452142,57.46344284,10.65564235,29.43435974,0
73.61636025,47.66149399,12.84549627,31.12632059,2
88.82024496,54.59614467,10.16765326,20.10887375,1
91.33033375,46.0700527,9.071191475,22.19253389,0
71.66452208,50.79928196,10.43355113,38.04390428,1
85.02357052,49.16439143,10.45061584,41.3621736,1
72.32253697,43.38455103,10.46140181,28.12588972,1
78.21902504,47.53121708,9.367854288,39.09030961,0
71.95845255,48.88267009,12.46174903,34.29007098,2
73.66598246,47.35691659,10.58844826,29.44245586,2
61.53206282,52.7502605,9.141511159,34.46476935,1
55.64137849,53.0456906,9.025542872,25.63519455,2
49.74857413,58.38850407,10.02854614,35.03721987,0
59.18451996,41.19595594,9.909177564,33.32463581,0
58.31321962,49.71190601,8.011301251,26.2210425,2
69.00824136,48.28403862,9.618993788,18.04847816,0
67.61051953,46.4158884,11.09776767,38.56020142,2
84.53384477,52.20970325,13.40821103,35.85858957,2
65.22342553,35.39324758,9.08539669,33.02060445,0
60.09463675,51.51317733,7.638374369,20.45321956,1
69.6528823,62.01707793,9.542800169,29.02865434,1
83.66874267,50.07344097,7.237910794,24.69697467,0
76.15935607,43.2701016,9.731006431,35.28684153,1
66.90787624,55.8636451,11.74877836,31.02194516,2
87.95877673,41.25734013,11.36271902,28.92195211,2
72.49383684,53.19025551,8.538087449,35.04735894,0
62.26990216,45.57598643,12.47162324,30.65532593,0
65.59955513,46.32235029,8.991640338,31.15722961,0
65.39361229,53.26161439,10.00041413,35.79537032,0
67.86552848,48.87617299,9.21597472,29.31502255,0
73.8531738,52.20237369,8.676035644,20.59994983,0
75.72582781,46.27548678,9.689481902,31.80323946,2
69.65315113,46.93781313,9.513232041,25.1493787,2
72.56029734,44.7315879,9.329724438,27.71075807,0
59.75612359,45.39663203,7.857892641,35.86378423,1
69.1087996,43.51584026,11.37941561,37.94313464,2
62.22183312,48.38839765,6.074748617,30.36437049,1
69.79098406,52.68254922,13.99133498,35.50410699,0
72.43687211,50.0152301,10.84194589,28.78659362,0
63.23607698,49.0133079,10.70500994,31.55554996,0
72.96984673,45.76519326,6.713622378,25.51678886,0
75.86857094,58.16715766,10.04493179,29.303014,0
78.33922155,48.45395461,8.460007868,31.58179161,2
73.24083969,46.87218649,11.65019653,23.14163151,2
68.4006147,53.7957758,7.268088578,30.38578248,0
73.77211875,48.56997889,10.42942637,32.31241812,1
53.92516765,49.24972206,10.34668333,29.5045285,2
67.24948303,55.98315743,12.1459561,29.54300221,1
82.37816312,46.71552861,10.13868867,27.97801288,2
64.88784324,55.40024033,8.27782418,25.26053641,2
70.96995965,50.28324962,10.87900246,30.9806573,1
55.87696299,52.12082973,7.52148321,32.758704,1
61.05392698,54.47519157,8.900919451,34.05399323,2
74.29618219,40.62413765,11.19005893,32.930829,1
82.55756126,42.09404649,11.83078055,33.27487792,2
68.57620515,57.50666826,11.65946484,30.63088952,0
66.15444456,47.3364958,11.83690889,25.93798826,1
62.09525545,50.56635205,11.40901308,23.13570274,0
56.71813951,51.12225909,9.948851376,25.18633717,2
78.27183249,48.59662462,14.17907744,26.23782381,2
66.65498764,43.88029867,10.20871188,33.85960077,2
65.79813183,49.50705934,11.90289855,35.90945546,2
85.03992989,47.47612539,7.53495337,32.95211031,0
60.50601111,52.556013,9.852104869,26.53874835,2
64.47776956,51.44346815,12.35945042,26.38004834,0
72.93072473,58.2100758,7.47967047,24.8072809,2
75.88317206,52.53995663,9.496922228,28.94166509,1
78.6960592,46.7701791,8.729275222,40.24906048,1
66.48486516,47.35473661,9.53075886,34.52008777,1
70.2609105,55.80939151,11.11627903,30.84029903,2
73.14247333,47.58057083,5.992275271,15.83922201,1
64.3370227,46.22862075,12.22864339,36.59151162,0
61.81779317,49.64750611,10.91554573,22.25519737,0
65.15765927,43.95179491,10.72726377,30.7404471,0
69.75874913,56.58798768,11.780495,19.56761171,2
69.10264306,52.77802233,12.44616613,26.95886746,2
65.53485048,50.52687753,6.803751296,27.95156704,2
73.01547342,51.82480501,8.973572867,31.25736804,2
71.09394795,51.49376454,8.531652402,25.07098096,0
62.26210801,50.61335158,8.790510671,26.10073527,2
76.25667348,50.89947076,9.61992193,34.89211056,0
64.3981896,54.96021175,8.003878745,25.31037212,2
77.00309879,56.57457227,11.24542245,29.8886051,0
64.55080913,39.13665227,10.99972825,31.40504625,1
77.43264094,53.07683742,12.9633268,21.06812267,2
77.1299843,55.93839694,10.63231191,25.74732361,1
77.60414656,52.03526144,10.39962087,24.75172251,1
60.22444755,53.15405842,5.561399255,32.12196969,1
69.96397461,54.76562523,6.690225128,31.21441007,1
62.80155792,54.41829969,12.24206133,19.75029361,1
91.63254723,50.71471547,12.51429843,26.31614932,0
74.73832921,61.26217903,9.364569806,30.54704236,1
64.44522881,58.87655446,11.66666782,32.46827424,0
61.84189715,51.40595712,9.848097953,33.04123096,0
59.8716888,46.74290998,9.470970317,22.40326962,0
69.49761891,49.0317027,11.09452959,25.61613109,0
73.4361829,57.38270175,9.344210567,32.12744967,0
63.18948343,35.29805683,9.862731908,24.4886513,0
57.19695601,51.5402527,11.99314102,31.89576559,1
77.55391226,49.39126246,10.65575905,32.37715341,1
57.48460576,45.4713385,10.93334196,40.92048367,1
68.72082409,53.61190679,8.788278358,28.48909707,2
57.62184501,54.78351158,8.037668938,34.38227823,1
66.36387788,53.54725909,8.815288089,29.09275465,2
72.23787952,48.95389063,8.664440887,31.21502361,2
80.88950597,49.3508965,12.64260806,25.0606333,1
58.49006423,50.19001739,13.60102236,30.95211945,2
69.17848822,47.02169353,8.102166958,27.09675849,2
56.19898542,58.03672788,11.65209434,23.61847792,2
73.52055397,56.3096075,11.55481471,25.82859095,0
76.90143992,55.98285751,8.741473213,26.45489521,1
76.79597749,61.05261501,12.01502738,29.8049024,0
50.40329876,42.6781256,8.982072749,30.85231885,1
84.40117215,50.44790341,9.482291199,31.81557814,1
91.53182458,57.35585164,12.23479763,21.58670653,2
64.24181759,52.22301334,9.581372361,28.90673361,2
88.00940433,49.24363358,8.859297267,20.55175354,2
63.76859474,46.76886345,8.90346241,27.37668796,2
54.43370826,52.04909328,10.49861719,29.29812471,0
76.74819492,40.59075477,6.966714901,26.45105504,1
71.73180926,42.03503133,10.37941234,22.32479876,0
84.20504248,55.00291159,12.4359183,28.17247032,1
63.8721131,56.52170121,10.81721462,28.14071059,0
75.62969237,49.98312771,8.775526531,30.25598951,2
55.69224898,55.66885048,10.54011472,36.4532223,1
56.55549489,53.54107212,6.592256826,28.98737886,2
81.43754043,45.94873781,13.51724097,24.66882534,0
69.59842049,49.0254586,6.358793399,40.07637555,2
81.58595579,43.05213767,10.9964435,27.70454845,0
76.45484181,44.03037497,9.099974284,32.92952101,0
63.19975278,46.80519126,10.04177298,15.4650589,1
64.83955272,49.69669593,15.38606733,21.99864448,2
63.18015752,53.54151924,9.57558206,33.75549727,1
96.32382065,56.86829273,9.096681048,20.15538429,2
69.73486125,51.08716437,9.674414188,28.58430552,0
70.64280019,50.21905736,12.83920601,25.76574517,1
77.10959968,51.41643936,11.51357736,36.37695369,2
61.97722731,49.30205186,12.25086957,35.3530528,0
87.55340842,55.36253669,12.33917998,29.61389477,2
70.67518481,52.53917878,7.347055743,27.33915718,1
60.76766754,36.48383854,13.5109514,27.07036163,2
65.406391,50.88220778,7.361505611,26.52152561,1
71.77701001,42.96841268,11.74903415,29.2483977,1
66.57312406,48.04120925,10.52088453,24.28490344,2
77.51933033,55.25327198,9.617944475,38.27703557,2
76.11676289,51.30336883,9.392547942,26.08123239,1
73.46448209,39.23304943,13.32294033,28.153964,0
70.46980594,53.59476655,9.456689779,29.50577399,1
59.29915234,48.15194832,7.70461722,34.56736866,0
75.13785951,46.68549541,10.7112267,34.15095906,0
71.98084761,44.96728717,10.34367868,30.80244812,1
73.82409746,50.46422451,7.664440897,23.14128435,0
95.60084538,50.37716819,11.79071086,25.93492814,1
65.30525614,55.24776358,11.31849134,35.41345527,0
65.21251378,52.54362512,8.333887886,20.15747893,0
72.08863595,43.87117168,10.78483193,28.287254,0
60.14273954,51.2037659,9.86564342,29.36172659,2
81.2656503,51.62898158,13.03856785,32.75398786,0
80.32465261,51.87028285,9.975822104,35.29059163,0
76.10370265,46.2212742,10.50040041,24.87123658,1
71.86766764,54.87598815,10.48264387,19.11467477,1
86.76437312,43.72855288,7.102817171,36.55991869,2
83.45420046,46.65927957,12.82091829,30.23467451,0
74.08252756,49.90290197,11.12576172,19.90756068,1
75.07274031,50.03211135,5.73886704,32.91285659,0
37.5873266,52.69377996,12.47156438,25.47692813,0
76.54365656,48.54094366,11.30304398,30.17013706,0
73.07299521,48.54862728,12.80319719,25.2724656,2
73.32314012,46.78240885,12.03532293,27.24942359,0
72.5049285,45.04303825,9.648291191,34.20991848,0
69.29834289,51.59587255,9.087758345,30.90531371,0
66.64215301,50.12109728,13.6186127,27.51533987,0
81.08703581,49.92773865,10.76597797,34.24805994,0
70.86589787,49.49922962,6.828033376,27.34272724,2
75.83928185,45.9519824,8.947504287,19.01936089,2
86.87141635,42.37171843,10.05077684,25.37717943,1
56.79543387,42.79974559,8.34300595,26.43913068,1
57.63049289,44.51862457,6.798192043,26.46187053,0
73.07801769,52.56552899,13.90831487,34.97790757,0
88.81157069,52.48349612,9.088920948,37.6401568,2
80.14370065,58.55306686,11.70795195,23.25976444,2
68.55639588,55.69939281,11.10650244,41.0626552,1
62.81555779,43.16560651,11.38695782,33.39465645,0
72.13979911,45.74739773,7.524675155,35.11765322,2
57.85811387,40.12266717,11.33748331,32.37583873,0
74.73237625,45.08756303,7.152085695,24.01605677,1
55.98148937,44.28497544,9.474218342,28.2098531,1
81.89016531,54.59577087,10.44108285,24.46421592,1
52.21279751,51.61539637,11.79413239,23.25211894,2
71.84633859,50.62788227,10.4879064,26.98589672,2
75.6976728,55.28028405,12.27124029,35.58416888,2
71.53725106,52.76244977,10.03829555,20.58424896,1
84.96044311,48.73823249,12.54975008,27.92393116,1
66.14686403,48.45441768,10.92518259,32.77028886,0
78.49602097,54.19245387,8.383468557,31.69011741,0
54.05572341,44.76544509,8.556524893,32.45714726,2
84.02794311,53.19365111,9.961479241,32.45603833,0
74.82472415,42.14749698,12.74569695,28.34605388,1
80.83051243,50.61148752,11.43951588,31.11144928,0
52.96617561,52.45487476,9.126471526,23.55846191,1
65.25054689,50.17041734,8.202431903,32.20653576,2
62.51513463,54.63920064,10.54299062,29.26487288,0
55.519861,47.67344772,8.221518344,34.43751984,1
62.96823575,45.78376702,11.64068803,30.08806626,2
56.40143859,42.14561924,9.16761119,36.62716055,2
72.34214733,51.80751763,9.400323607,28.01221117,1
66.40707909,52.12030522,12.77667556,29.18938012,1
64.96524346,51.64381205,11.43637145,27.94253428,2
70.73317967,52.11799533,11.88262116,31.85030558,2
70.052437,55.92852077,8.906639831,30.97740866,2
75.59790448,50.41219876,9.025594158,32.32184932,1
77.07751935,50.21801223,9.588281138,35.00912427,1
74.72597482,41.91844696,8.938058204,29.38971434,2
85.7745328,52.50422237,11.5158437,25.77529281,0
70.81874139,60.72574564,9.505948599,33.60739662,1
86.69021525,57.06110278,9.563908209,29.08715513,1
72.79021526,47.286631,13.69721767,29.54077618,0
60.24126747,46.72962158,9.068388862,36.26421317,2
72.22133772,51.33563326,9.838800501,30.17356874,2
71.94089993,47.63954711,12.59174356,29.70292409,2
85.93186627,59.36648888,10.81952559,39.48883508,2
69.66873027,56.55154373,9.937882134,26.30314296,2
64.24362174,58.19982265,11.25905917,31.61041155,0
73.41755976,56.50870645,9.539198572,25.91891378,2
78.40643549,53.27950388,7.263369922,31.73780807,0
61.69049884,57.38765041,7.355084087,27.33199847,0
55.69858622,45.48046179,10.63930365,28.1099605,2
80.65480375,45.06410236,6.144654841,24.07984721,1
69.67305252,55.86736929,12.76290816,26.92938717,2
59.62753846,60.30751788,9.442074139,34.07750511,2
70.6023021,54.35033865,10.08183835,28.49570126,0
81.59329803,47.62548172,9.511839053,34.19734252,1
70.4557184,49.55858976,6.059792365,24.64573791,2
90.10204539,47.94592856,12.457961,34.98059107,2
57.55345297,58.12339229,5.588867886,35.40992405,2
49.26609768,48.16587794,11.16405313,34.3615769,1
79.59270826,41.93219301,11.00356547,39.03598322,0
74.25457562,43.10190918,12.544707,38.20307282,0
58.77277978,47.25637546,12.95386885,34.89444779,1
63.48399652,62.89854669,11.78519468,39.55709544,1
80.80780726,42.7122425,9.296157364,27.24724034,0
58.89424155,56.0857926,10.69930009,30.36598496,1
66.89733243,48.47387648,8.765493627,25.0884821,2
67.6906547,55.93693026,10.03123667,33.91436867,0
77.11614878,56.64097071,11.63755529,26.62532991,1
82.06508967,52.80459724,9.425104961,32.14670411,1
86.96456368,45.12735348,13.12682672,30.19723524,2
73.2271856,42.60544216,6.447529534,32.29084057,1
74.43819428,46.47494072,4.791572287,35.9336731,1
75.1765902,45.36323433,4.940879845,25.02425759,2
68.7421308,56.40508181,11.39580655,33.82014891,1
68.41992101,46.78225084,10.39458453,28.82015006,1
85.86016816,53.54054338,12.38821881,19.23808228,0
78.72320637,46.65463631,9.280462708,28.60094829,2
62.40867338,53.71047686,10.06559399,35.52950212,1
65.28068134,49.07356171,8.701253923,31.41875512,1
84.43764604,46.73116831,13.04201245,32.85253604,1
80.31844539,48.65734676,13.66511409,23.67750797,1
54.84808938,49.32991417,8.428027935,30.26129245,2
55.92536226,54.67159956,8.274448472,37.95291036,1
65.12874616,47.73385975,8.34917894,23.13767226,1
57.04921228,44.66233543,10.7958541,32.28902805,2
78.77362291,52.58089144,10.18674475,27.25899851,0
85.65524029,55.50479817,13.15623612,24.10315439,2
70.46436548,52.23858463,11.50115834,28.38985923,0
72.23884024,55.74222855,12.91164464,34.47323594,1
64.29253706,46.64689895,8.973607271,29.2435039,2
65.37724711,42.43142804,7.991890806,30.79731253,0
67.2727643,52.14153549,8.430476184,24.42976775,0
72.89168644,56.3285392,8.822266347,35.45430835,1
65.12393776,54.56792313,4.728504522,33.20271468,2
74.56753219,65.68874267,9.526889426,28.80249039,2
77.70865194,55.82369677,11.99371755,26.80858637,2
80.53152853,46.24015334,8.303142732,28.37194474,1
64.98242956,52.15020824,7.558575148,31.54999492,2
75.04987279,47.09159543,13.95288117,21.65700371,1
79.24027019,52.56953925,11.24413998,34.66564036,2
76.56553609,48.37584308,11.11538212,31.56592237,0
62.36740843,48.13896612,11.843603,27.09108983,1
57.7915635,57.86993382,15.51932008,32.2343625,0
78.35692112,49.86242547,8.580840291,31.65425652,1
61.1048557,53.79464295,11.97466903,25.2712697,2
95.73359803,51.69241922,8.684330892,30.74681741,1
78.20482181,52.73142124,10.28251428,33.46428792,1
74.71415556,48.74976743,9.53895075,32.95674621,0
94.5530014,45.66912576,8.325475138,27.68530244,0
88.46636996,53.10785945,10.64811406,27.93889627,2
52.97416396,48.48410109,8.240371293,30.72531873,2
55.36485052,49.5964171,9.848471427,36.39732466,1
66.73976468,54.42022698,10.51076751,35.9729611,1
62.07479262,48.1043613,10.21178891,30.06249661,0
63.75181422,50.35026082,10.08702934,31.60839271,0
78.29405581,52.33214991,15.24158618,23.64969456,0
66.39033834,52.93346901,7.966633743,32.66679622,1
89.64725133,49.30772008,10.15191054,38.47861439,1
72.54420843,45.86559823,10.77922835,42.55778276,1
75.90654831,47.63080326,9.229956377,30.71524385,1
75.15035267,46.49004156,12.96823206,26.13670277,1
56.79766793,60.06693624,7.00694149,29.63013568,0
59.1894346,51.06598314,9.937121659,30.03940092,1
83.53872374,45.14192981,7.992085256,37.44556554,1
69.6501151,60.85471359,9.932774871,25.12316986,1
63.62260016,54.847286,8.784249479,29.2502964,1
67.63181393,51.39497081,9.867734771,27.37775932,0
67.65846625,53.49111657,6.212770666,32.78276562,0
63.73032942,50.61602403,8.967140712,33.32351373,1
67.40408649,49.60179304,8.304732143,25.05021104,1
69.34249739,59.79173727,11.97089937,30.86127193,2
72.79968626,54.41554889,9.597016932,29.10453357,2
86.65474444,54.75153796,13.10832084,28.14708619,1
75.77072127,45.0080728,7.244764998,33.43532898,1
68.16016664,55.42991058,10.00739134,32.91368792,0
74.89374561,51.62179641,11.46374141,36.14607392,1
70.05113457,54.58163837,6.892482468,29.35241377,2
65.65503773,40.98430162,9.809071506,25.53606242,2
73.47581705,54.04028899,12.68295183,35.34885727,1
67.80899471,43.21709098,9.899590766,30.97025972,2
59.32379571,42.89094667,7.400837526,33.41034745,0
56.01432426,45.90900558,9.337383234,30.22611354,2
80.57122226,42.11803922,9.981399358,28.31872631,1
69.86502775,51.99611561,10.95271554,32.26754356,1
76.20672098,46.5378951,10.95888304,29.56965154,1
67.86011156,48.95941571,9.681909579,28.44846147,2
73.5778736,50.62612251,13.60869622,30.92587768,1
60.80575766,48.77921682,9.291918578,30.20662816,0
73.75698018,50.60015663,12.47789271,32.24609361,0
95.26932426,54.82425817,5.523537533,31.50850004,1
62.69633368,47.21254107,8.630740348,27.91045227,1
78.81639757,56.31292052,6.160653688,22.01200415,2
76.32407739,46.88675319,9.646451674,26.08998254,0
91.89802933,46.9719223,9.173069678,32.52982777,2
72.80991868,44.48316697,8.804979611,26.86133047,0
81.79297184,57.64234213,10.78139184,23.53687326,0
55.92488305,58.07687845,7.982890632,29.67655697,2
74.91919172,46.61142315,8.14097828,25.98587778,0
74.78979826,52.18279902,9.914353237,41.51819376,0
61.24381747,55.12031263,11.58074379,29.08424764,1
78.13517217,52.98700035,7.521785849,32.3673595,2
58.93665026,55.7438285,10.7809297,29.53306571,1
46.98078835,46.95108548,14.72774499,29.59560751,2
69.45705133,54.92864998,7.188865962,31.06369888,1
70.99651365,49.67930827,11.43076263,30.36340262,0
65.47693681,55.6205636,12.52741336,32.53120495,0
53.30594719,56.10516848,10.35042284,32.51372404,1
79.84322398,49.83385005,14.43756047,25.15977121,0
71.9652117,52.60561214,8.942044584,30.24654166,0
78.12525822,48.18779529,10.5307247,22.42764845,1
84.46977884,58.06110314,13.4777027,25.71750881,1
52.75082167,58.67981902,11.65894968,27.08200337,1
88.65774511,46.55924827,9.249607239,23.81286681,1
77.3846658,58.41963846,8.610573738,33.05108085,1
70.77368308,47.17876201,9.013754355,32.48099594,1
61.91701715,59.13004857,10.52056101,26.35863899,0
69.27171087,48.87683425,9.466695342,34.46848845,2
69.039401,41.99017094,8.736844542,34.11639958,2
62.27174785,46.63254688,9.126560528,21.71688396,1
72.07687687,50.5751304,8.885153894,27.93793091,0
63.23078,52.47015093,8.683767022,28.55725652,2
69.83577104,41.58280904,10.58438546,22.3364972,1
66.78614158,48.48765157,10.09954737,29.25515345,0
63.88482197,50.94790808,10.77264664,37.14428854,2
69.43054376,47.82256815,10.24709539,29.46831499,1
71.70865438,45.32280649,13.92517438,26.88982597,2
63.07090405,49.50555173,11.04502821,24.62343803,0
80.49009226,52.44593565,12.18196085,37.26308373,0
79.17861947,54.16764481,13.02230986,31.49079233,0
70.18433933,47.32018277,12.02292607,32.48436795,0
70.35263552,43.87850882,11.48536484,39.48644347,2
62.07127168,41.1961862,12.97449231,40.26486012,0
87.97686527,49.8673937,10.51550508,19.6109409,0
55.14439627,45.54403887,11.62830352,21.03446774,1
85.47505201,53.9674436,7.7954157,29.96477507,2
71.30740577,56.18046588,9.836954654,33.23244769,2
75.60784526,47.85297229,9.618192417,32.12722432,2
77.87084604,61.45471286,10.49300956,32.27952098,1
65.88123034,51.83682753,11.06925817,29.83859694,2
62.21695275,59.19091838,9.029388329,18.41928069,1
64.00624977,52.68326376,10.35364174,32.84880179,1
62.95656309,53.17360734,14.02454089,25.4183954,2
75.76556963,49.39525926,9.538267252,34.88907775,1
84.0934744,50.38425941,11.69031594,31.34647376,0
64.37533224,58.4752552,8.506843307,27.51214581,0
74.04050857,44.80047036,13.28534591,31.80708659,0
65.91924627,48.59336221,9.183798322,30.25830488,0
64.23096344,46.23291065,12.07049867,30.69530199,2
68.61735699,54.62316841,9.710962659,25.69807495,1
77.08356447,52.33846586,9.540902689,23.33611301,2
60.33023857,46.86641388,11.46498421,45.76028367,0
90.75400799,46.2639416,10.17137432,26.21618011,0
67.80328112,48.25673933,10.00105592,36.00265829,0
60.6217496,50.20295846,10.94481256,26.61502431,0
78.22544912,47.58406769,12.12041981,30.29492111,2
54.2977528,43.39988744,9.430249013,32.3577119,1
70.48521628,50.44203443,7.297851268,32.50120235,0
76.8605146,44.48395817,9.875617966,36.92266024,0
64.69742382,52.82754823,11.36410413,15.35275655,0
72.24092482,49.8634773,8.928397074,27.37060162,0
79.68644991,49.81388882,10.60094872,33.79856148,1
64.36275447,50.85208111,8.679357721,38.98180411,0
71.46713686,57.99323585,13.4493933,33.55274551,0
82.01213922,53.68421949,8.209307355,34.7919291,2
72.32049937,42.57551016,12.19430542,38.14234277,1
62.72862824,46.94115455,9.487640495,20.84427561,0
68.85263559,48.9820982,11.16882596,44.34201528,2
50.86719755,46.55406091,8.120193798,23.01440907,2
70.21003842,43.44081884,10.84317322,32.08223019,0
77.56988617,49.08551779,6.246894588,25.88032257,2
88.76170839,57.80755598,8.151533711,30.39071531,2
70.10233061,48.41795775,10.06830483,33.60567681,1
78.2206016,56.92136409,8.378284978,28.05038147,1
69.5053629,49.35731244,10.59124898,26.92838428,1
67.52822617,55.94456686,10.14407372,20.12256114,0
43.03113357,49.06427867,9.258983803,31.29330574,1
70.82283989,48.94434881,10.7875946,28.01160153,2
62.43649255,51.12342363,8.900885728,24.9470089,2
77.85800159,45.14171633,10.52804016,36.81281426,2
63.49357431,49.14907689,7.829698947,27.49107904,0
60.81348054,51.16608066,8.151068024,27.35851477,0
78.65755194,44.92621635,6.871516777,35.29364265,2
49.61875465,50.33495359,8.00836921,31.14537344,1
87.94557864,56.97841905,8.180633166,35.95949667,1
78.71124703,37.8787987,8.149150748,19.05039148,1
67.59674602,47.67691351,10.93853518,42.42594958,2
54.85152775,45.15827773,11.17710654,39.14810101,0
73.80197851,42.47639813,7.593598289,24.78711153,0
68.15097864,50.89790891,12.65786664,28.8863965,0
67.5096396,53.24140217,11.44312501,23.57707867,1
58.70948229,49.87902197,9.395909001,28.03235072,2
72.70456826,44.29155443,10.96373212,36.10410649,2
73.31263431,52.71800077,10.52512266,23.98925237,0
86.44967714,46.07550843,10.60763719,26.41491925,0
72.89774857,49.89316353,7.972208095,31.16393371,2
61.67644427,56.9623265,8.564162219,23.02105399,1
62.44617068,52.50547085,7.697971833,30.89238332,1
91.22156197,40.03132179,7.09764862,33.19330084,1
67.742237,47.13149998,10.55475388,27.68419319,2
78.13509636,52.78905153,10.99548618,24.92620253,2
58.02122107,53.36590676,10.94400454,24.14172826,0
60.2531833,37.50297143,7.777084086,26.96748306,2
71.99059696,61.5966477,11.35874657,35.85099355,0
81.17295832,56.87219047,13.4947264,26.94307376,2
78.56398794,43.32987253,10.92434533,33.5616108,1
71.50393786,51.4964629,8.483009331,27.18026256,0
66.90827877,42.07932028,6.447507333,32.56807232,2
82.77676822,60.82501172,8.164994358,25.83969348,2
84.79944139,62.79099643,8.620544452,28.9327161,2
64.93056825,55.95323137,8.947930315,36.15000286,0
88.12448558,52.75742688,9.607066833,27.23539581,0
75.47097381,55.42947783,11.0690113,38.80594062,1
64.53141059,49.40965737,8.209860315,26.35961451,1
54.49336569,51.60678608,10.87695148,29.55382923,0
64.56575229,46.96089006,8.103303992,31.56189105,0
62.01702755,48.92539485,10.91677341,30.7888072,0
67.65412867,51.73244238,11.63577932,32.89928643,1
84.51143608,43.14049429,10.32003645,37.25463774,1
73.2875111,51.1939458,9.704439362,36.09485395,1
64.46350695,56.44876377,10.99937022,30.09409525,0
69.87753227,57.65375416,9.412066105,34.56885811,0
66.84730755,48.52525161,9.059915704,33.67810999,0
76.141667,58.34952252,8.473427792,27.94088316,1
60.90612545,55.93515153,11.56920858,26.93916541,2
94.4575198,49.09760043,11.19758878,33.46427878,0
84.65648769,52.61417744,10.11986526,36.00130875,0
64.77276979,51.7531505,10.77361704,35.32585983,2
85.38036566,52.38520414,12.47226144,38.51257329,1
88.86185901,53.06386953,8.198758531,23.53429228,0
84.41273289,55.4565506,10.69535297,28.92166181,0
72.02923021,49.32845629,8.937571411,27.74025314,0
70.7409478,51.41289975,9.260946142,34.44518561,1
66.57285483,60.44187352,8.260673837,38.24740447,1
65.5122058895699,48.89945572998449,8.876210093276919,30.99801056217677,0
77.64678798473014,46.89825099324434,9.948804176455507,29.47507078930658,0
76.16001393609868,58.292372481399724,8.47990053152674,27.904999641063768,1
75.95870378739804,44.16741673589745,8.447359113181237,34.33090495555096,1
62.51277368246997,51.56389928319051,9.878022035627929,29.89121255263074,1
67.52253801777432,45.66979945222748,11.349129120046785,34.13734468346236,0
60.622153296546045,54.47989926951676,12.296981139878334,35.27497601103803,1
61.98108787123052,42.68923112414819,7.660293024034326,32.26329979881416,0
62.23250001492944,45.27761836832997,12.45661256028667,30.33143227138645,0
61.27604630512283,55.10811608338741,11.554435975658752,29.088826624113597,0
81.72203519399257,47.61990302429662,9.437999238739437,34.150831122862385,0
86.80224273560053,42.979213619448096,10.14211300749853,25.547389390216086,0
71.90130329347105,49.9735776359159,11.41332324152722,28.530078952353588,0
58.53739133223772,58.483844595364545,11.189350452993615,24.739074857745855,1
50.6167898713175,53.93983156894658,9.104274432198384,27.85641793585528,1
84.36621037719111,49.06260924688402,10.752976734911295,27.921890400880567,1
68.36584036989406,52.728105418544494,6.484304380586663,32.7123064112985,0
74.40455380862156,50.383145869215994,9.62953340574248,35.55132219070802,1
76.32840988166612,59.12099613796484,9.48421475457898,28.47288185126153,0
85.27698999628178,43.34031814152567,9.226816899321511,37.01857038436584,1
64.5073959289912,43.31169652428676,9.245919763524753,30.757565667747894,0
72.18243542963381,61.17636663995789,10.745876478018873,31.307435798464674,0
64.43785123621191,42.258853663968374,9.115895574979694,29.678049964323602,0
84.7891225032386,46.3991243271982,11.83457853713189,28.53241605798274,0
55.36835594163476,46.9751242875128,9.7807111655097,28.945278064148194,2
85.19277493807101,46.320458836787544,11.536330077730248,28.01768879555488,0
87.99404580770688,51.93887675688547,9.587858989650062,36.78883312166002,2
62.29124679455159,47.45870063554498,10.468733418342364,22.842815963349157,0
69.8947983197954,56.01851335821241,9.972741691627231,26.83407948037863,1
50.15060585580115,54.268274879531916,9.12647618330297,28.690761739614096,0
62.98450193500271,49.441459886162576,11.259991287057753,24.653201262727595,0
76.47558829931955,44.98930018583858,9.979825378574118,39.543611186248285,2
84.89905624712497,47.38762975220137,7.546424428560212,32.831384865139384,0
65.27632572419586,49.23210058218444,8.62915447954675,31.532620473633035,1
72.57880272537359,49.423164539489775,10.679242885613585,19.35663618643402,0
63.72393363669717,55.278944845976504,9.618020875236008,27.994483033415513,1
85.72118058124049,50.371537706699584,10.958041243601919,33.90442799713302,2
76.05915133015179,47.07518610150073,10.10891524555643,30.132842906007763,1
86.78618822374368,52.353862925014006,11.133982871639475,36.796635008847275,2
73.01457456435448,42.98173449155095,11.795846425241436,38.39512998809183,1
63.10465534089313,52.12772804160687,9.28174685486272,30.129140420239825,1
86.61774221186602,44.599530579786354,10.385725704126822,26.001375018657324,0
79.19848963520462,53.300392100361016,8.995171015946255,33.07323922857852,0
76.82193720304346,46.8851120464379,10.128439944856257,29.53203635931795,0
69.11396174412872,49.377537695323504,12.961571838679278,23.628897159215775,2
62.60537838819962,49.160231502371815,12.20322704243706,24.78379925047784,0
72.33473969229897,51.2758652493077,9.538510771289035,35.47764689822885,1
80.97350878592053,58.094848226751445,11.241765962905045,23.399187934914345,0
71.0496006437888,52.11834394813045,9.197991134952076,34.590004974677875,1
66.38767109305444,45.42163416298985,11.87802408970514,34.65850246458502,0
93.30140674080097,45.131864585832346,8.606586182357985,27.309229739732185,0
62.08125813137675,52.26257422209684,10.762950351247573,31.391131731589134,1
80.96177240152561,53.60425110030863,12.75398388844128,32.04929380876208,0
84.57116439349817,43.15608449389616,10.234743750613939,37.23621982752627,1
92.08516549368036,48.53488960708166,9.42017385503253,32.638659322839,0
73.67218276967068,57.4446792068143,9.30036127084891,32.18265488264098,0
57.978403140478555,56.054135979782934,10.493735198125913,24.115211658011205,2
64.3681257885024,51.31175220205262,10.072397257066411,34.54860929212308,1
75.18223980791566,57.91613429284928,10.262779441873668,29.34986657291541,0
75.44913052283478,48.2307019388503,10.610728466479452,32.00034600020526,0
85.50100428833385,44.204728983331925,12.15833702388024,29.63819549115111,0
77.23688606547933,47.113848496908304,9.795822382717708,29.556344471811208,0
73.76282522180954,49.816299649381584,11.686974452679904,32.27170167826184,0
69.47880887279577,54.35966208929365,10.462716114804392,24.458963377566782,2
74.28467263328349,47.77033663827413,9.752008048680993,32.60113269684978,1
61.62216940086688,43.07017289350105,12.082654365577504,26.76531659944651,1
74.18578577732416,40.87851444871221,11.174360608035473,33.150931654744284,1
77.80204510259797,54.91234109679704,9.654010667188311,37.97606771850108,1
64.83437718785888,56.130436021185965,8.446198062158153,28.11365223163858,2
64.77221449747502,62.150035130581124,11.821986918234948,18.39183588136874,0
73.9258773884115,51.47345673003936,9.452582217077328,20.380467159289992,0
70.51480462551487,54.15057094478311,9.945567460082017,28.43277553705313,0
74.79322552022217,42.0744356055017,11.531152981063702,28.678956133041176,1
70.17474614622685,56.80882300160594,9.556552814050741,26.07109782310991,2
77.44875948482968,52.963059945740895,12.906715440257965,21.09976146658336,1
64.91462037178081,46.00132016770898,12.12988589836094,36.04704890689897,0
73.14448305801491,41.41803269241592,11.092287536335839,32.69164737353448,0
75.01548239112059,49.39197161857888,10.19927008613944,30.48632586231732,2
63.125615958649036,53.11689251975893,10.28031106713052,35.46774498188286,1
54.28415954960297,52.91468048743242,8.664770045308346,22.909628700267803,1
64.18289831930275,52.12227006223907,11.0618225299262,35.308041617838164,1
79.63865510430423,53.78774278812863,12.553107964636073,31.544478662280934,0
76.49502207841894,48.01465125296936,11.084627066402772,31.173617083788532,0
63.3743666838823,49.249615119131825,8.736532961366219,26.682305133456698,0
73.61205857630556,39.47988348911415,12.944482827447743,29.001568746297323,0
72.03086481761697,51.7292722377269,9.183689822798641,27.27871174359774,0
77.8463139587093,56.30341228930427,9.13551462645802,25.891234739204403,0
72.4395203802824,50.0074833015679,10.826109021983491,28.810325079762194,0
64.64097873237444,49.710008929201805,8.810963512198619,32.20469219273524,1
94.02978931229654,45.07124885007941,8.681810636954195,26.593055055921344,0
59.82441266814458,55.12165054329755,9.398848401861732,24.15508033028719,1
56.04106933051448,46.64724999146863,9.098861083444728,33.70530623176346,1
56.955691319496076,44.71898468716062,10.785014128164034,31.99965823635464,2
74.17842406154911,40.4271772969866,11.492047738071223,32.25448582983257,0
60.82174078733457,43.00877410091978,9.110859324524352,33.40361610471646,0
82.14666173750663,50.26742963024125,8.76948086261409,39.65072357598932,1
67.55506471169335,50.21105426071214,11.026763612819174,33.98382286594146,0
73.68696294123671,50.80283343146641,12.625403377207853,32.52780883449521,0
75.82877000896879,58.335933842462936,8.376589029505203,27.635522728140657,1
61.61575295059058,48.67290684772364,12.0753760494145,26.32707600598284,0
64.70161469243256,51.59677663484665,10.410173971153265,35.96032166412011,1
66.54041943171866,48.71051748663086,9.343218631071705,29.67906521870162,0
74.85874476647916,42.601192017829725,12.768946699839042,28.115228008908865,1
86.66315975752322,52.07260588581711,8.969786160794012,38.34540839034058,1
70.7314548837735,51.419220440228464,9.279280949120558,34.42158508441326,1
72.60989450472375,49.140762206282076,9.51767932803753,32.078493711061114,0
75.46012064734461,49.85412605041795,8.926505551039432,30.443714043854825,1
75.15558522461193,49.526815802639305,9.874510617717924,30.433785563843838,2
65.37079364633868,50.33624652756211,8.103072134588958,32.235311545734994,1
86.4705080428302,45.89256767475585,10.580132268556149,26.363662319553693,0
74.719581259712,49.91468541900671,9.299646049469557,22.388125279403653,0
74.43395084517994,45.28026472734117,7.347817501743109,34.054698162232725,1
65.5670429233509,48.85821839456877,8.917648797887269,30.898356406393333,0
73.22458082710894,51.99687411936297,13.820463454418368,33.789808759009475,0
75.41954314683778,58.05829954481128,9.190644347604684,28.431735961186316,0
71.7723801278926,52.64024458354936,9.623507107243901,28.170545251144652,0
75.92031536821986,56.827436852770326,8.033306188959953,20.845039700254397,2
64.63025175280443,42.29419914506488,8.885684750940108,29.90728952332914,0
70.40589552456991,54.81343226282046,10.051552573921652,28.034426772814783,0
72.26643463693638,51.14078991378593,9.778167035292757,30.275028790422713,1
77.63814854903457,54.346151847225876,10.815925446766462,25.332181464571313,1
74.53167246260178,65.21530461102009,9.591859044670603,28.838860006278523,1
71.49200893470092,52.69367096649796,9.948282032476666,29.417737900971744,1
71.14742680935333,50.01410306800599,9.20264900590557,19.175030725695066,0
63.904427455868635,50.44281196321107,8.937282737735474,33.10961730524188,1
59.25722270111826,56.574834016490286,7.159818282977378,35.451885789935005,1
69.44321201060326,49.07459505740809,11.325175711778385,25.359144384966562,0
88.0222501146759,52.332536119221004,9.045151137784904,37.89926439558187,1
72.27449054780897,45.40019458106465,8.344853678070477,35.352911837202534,2
68.36496599407985,43.05545166550525,9.754605097950794,31.59167183728606,0
73.98637499092,48.174418018892226,9.929170938730786,32.38975083736222,0
80.02080149770698,38.61300106138502,11.531519946993663,36.211275125673225,0
56.46744256456348,43.601362483597605,9.029669845659425,26.938760372258603,1
68.54832452442255,55.454284232409854,7.800221388661898,26.50797069704744,1
61.97044766000071,59.14089191434441,10.25492359701882,24.944322173165382,0
56.60327301133618,52.83052699138236,7.578282565346643,27.870793318660294,2
93.92811382278545,45.40088569442484,8.465826327697094,27.49753944756499,0
77.12340273889971,51.95796759243205,11.191516864845987,24.544708745498745,1
64.76090643285583,51.742392121860064,10.773604075046977,35.35015480403116,2
80.69409308753723,52.41052805274881,10.77390201384018,33.03974666927894,0
77.89943366700965,46.453774059468614,10.819532669616573,29.451145803797488,1
66.78875860548766,45.27636404847885,13.706775526867887,35.19760154670746,0
62.6313623728429,43.151117812704484,11.176684303772427,33.39548417257227,0
63.7722289234659,50.611036284634345,8.949714738982102,33.30635853949649,0
71.8400466649739,50.9762050932087,10.549691997862567,29.62342901887029,2
54.75758272480593,45.007855459694184,8.975452512463553,33.14025957348831,1
88.18090433237592,51.07309216378678,8.878162143403266,32.70405449993862,0
69.47423109913116,43.13740468694365,9.86358552052949,32.19050160704288,0
64.59605252071407,49.75470651545465,8.818668399073793,32.25988842745514,1
53.73438267818684,43.23724764429249,11.32617334167823,31.61690526048321,0
62.07638009163886,52.558818809327306,10.83567876241489,31.350202009829555,0
61.237440386746684,41.887177097368735,11.842481108040175,26.51722750855939,1
72.08294983819425,55.344422478434915,10.829189577037031,27.142476444618975,0
90.0388260181668,47.99433794319857,12.468749801280849,34.99055955307533,2
75.00145853814472,46.43797662268436,8.542655653082223,33.00350185414121,1
72.79418133787985,44.085066851995464,10.97647506077762,35.92544057266556,1
64.74887630271107,46.469597573620156,11.963966088509734,36.521545294341884,0
77.02629653176538,47.148804523614004,9.60177355023886,29.652021752044092,0
67.17927601128748,48.83100791332564,9.507177281644381,29.083335893011135,1
59.73214328016815,51.769221902967885,7.7551999380095005,27.772173146636167,0
62.87690582906207,50.3008491095874,8.454595856620372,26.00694798410764,1
56.82702202459994,42.86476640129408,8.284569576817104,26.439990870573574,0
86.27014361315636,43.28236829842476,11.909355025405942,29.41405311684175,1
67.70240952794542,47.327246345304616,10.485421479890112,35.33244715504836,0
55.94431564945205,44.442063388627595,9.62731156720485,28.196727125272577,1
76.15840377902697,60.25009104905816,11.711074544346358,29.722050603230073,0
76.0828063434148,51.25261894723761,9.339173146031957,26.01327152621831,0
76.90468130772956,53.15310058032837,11.469999545447557,36.83369434769236,1
56.8758007247228,44.587783576960284,10.823597150334335,32.2538667077085,1
67.78152711118543,48.86396690163653,9.214585989495433,29.355734532307334,0
73.90256187126107,42.41566130292528,7.739952009104656,25.28813654078111,0
64.22267285059466,51.15308760060961,9.820337478176254,34.26921957225537,1
57.02985520158872,44.65345385100157,10.786246789792434,32.28951125488806,1
80.06426992251855,38.56057591945498,11.551788389953023,36.22168150665131,0
74.44666660049771,42.96021260495248,10.829996721180908,36.560811174112715,1
80.65443541362522,46.34047721309117,8.366574082292416,28.344963035767275,1
64.33389789456176,39.02950793161641,8.884098960758894,27.7886983890128,0
76.68385099547241,57.232371249892154,10.218117454663423,29.166776696502172,0
64.48185397988652,52.4068779020316,10.774372277373251,36.995937660530274,1
75.58991817841665,57.94830814373981,8.944041803406511,32.63125254999008,0
62.395535789911136,50.31520901377294,10.389205626106598,24.921998736060093,1
63.448008977998214,44.438857691943745,11.736834465309848,34.72354339102365,0
71.49915238508599,51.33855160084296,8.473296544287876,24.988186661358544,0
74.91651572885432,56.77888889548305,8.650842879686568,20.467278694241276,1
72.36026015171994,50.73541237353252,9.652017255672181,30.48611952805128,1
80.79511154204727,52.80600687427755,11.109052255633161,31.69327199678972,0
88.52806725297248,41.565113758522905,11.134533606404453,28.464060650285017,1
82.71097668595792,48.019147923198794,9.427940101741186,27.89349126530344,1
79.13510364422702,52.74418674821046,8.293742085963894,33.08739473151061,0
72.63842224784852,49.4256496850977,9.636659951844285,30.592707980078103,0
74.94132797875149,50.35216437639389,8.07948439765947,23.54982078749543,0
65.06539715694588,57.44989488169849,9.627195882183399,19.332752712169544,0
77.63891515252001,47.863843288152694,11.765287502988341,30.74403223704492,1
85.32965325871609,44.41021510000428,12.21380593623198,29.688130561923547,0
70.9155600531006,47.33080154390694,9.055718709725724,32.45614563875082,0
84.5843577209455,49.420404533726476,10.375579190953612,27.46538507978856,1
63.36350485371638,52.83800637460232,9.209093216766057,30.932406565834146,1
80.64151383910621,58.27817526849697,11.428280634539924,23.34340649125881,1
81.15967187786758,49.26709685576309,8.75798067991989,39.8218683109993,1
76.16250130001568,58.09867791191392,8.83765459690023,32.76519149252687,0
66.79176129718537,45.275197799991254,13.708585825883196,35.19589439619623,0
79.71989854779054,52.31456631174051,9.120670485077188,34.17050972286895,0
55.1257424382568,50.01471978692691,8.129500455916643,30.054132521004338,2
61.40769596465535,59.03266341789057,10.621349869542158,26.114565128554734,0
74.0137299937803,41.27496754312863,11.149894350296995,33.49396757234525,1
80.73908297160617,54.35016178337624,9.02597708825699,26.81708206900764,1
69.89548324508219,51.98291408106518,8.424891073924176,33.989216237877784,0
80.58100314413922,52.727940045167166,11.373171771040886,34.11412822234517,0
62.56906114304772,58.38685945166908,10.571357762585855,35.71365061612522,0
85.7335191910701,50.432957373975796,10.967465589560513,34.43484992684556,2
62.29525249264775,58.551692395763745,9.45968125506099,18.597551383529506,1
77.40210607952656,49.0576265316394,9.231962448001832,31.066489789066104,1
60.20567167943467,60.14188434367687,10.493842853349433,35.03948386855779,0
78.18152475242799,56.17192611209798,7.844069197782034,23.418215090276696,1
70.63188309401983,48.626917455539115,10.498470778331857,28.46272778027278,2
77.18878296216532,47.09096780930614,9.68270835352483,29.52040561270693,0
85.55948762499514,46.10027380549822,10.26100229806233,26.709288940016158,0
64.48930103021982,39.536211769869624,8.751207745758563,28.236820709494182,0
63.538414136106574,52.132940582055355,10.151962832873382,34.99787833943598,1
73.55497538576525,57.413898615348494,9.322138661214149,32.15523767024751,0
89.01531222530213,51.767100067282726,9.620828619408687,37.220261698556236,2
56.113080831608244,44.04485640634881,9.291333769338548,27.92357811276157,1
78.03448194486054,45.71098283927057,10.887784606824185,38.929353436701554,2
58.14080989264564,54.21926982073059,8.910365574984352,23.373337710709308,1
91.27910202987188,56.0805795568738,12.196476287834493,23.056685475806074,2
83.62307194554127,46.626369182052024,12.69614346875939,30.01933391013251,0
72.47460323887663,49.90485788763003,10.616310722734978,29.1247066791796,0
71.93207226431427,51.06295402695045,10.37811646467761,29.75620668803026,2
75.19372581161969,49.923840337736934,7.9416667222070405,24.233859689956354,0
90.60146848989562,52.69788609625952,12.088154655073874,26.94017552047582,1
72.27556794160093,54.61520241381807,8.534524971164975,23.136989224564044,0
61.53750773325697,55.00916970560245,11.34100974779368,29.12597434357604,0
62.44153409031677,45.40229904248626,12.224188488685996,30.663168456217477,0
62.028939521452564,51.82989442884173,10.873565645509865,31.448858749213613,0
87.85552036582877,51.22628370532987,9.468101736594773,31.525025538516953,1
84.04823934388216,48.224691581367324,11.473961782002906,28.728239475748246,1
66.71053161621597,42.1247983123519,6.6469789991423145,32.33936202114982,1
65.80778913523068,48.618896728683254,9.121578846729143,30.131153695308882,0
70.54182617296068,54.7937874859877,9.70539798705073,23.76734410723771,1
80.00948542114126,46.6863404127031,11.249573419086982,37.389818737578274,1
81.25151723709386,57.94133243555366,11.085580889969833,23.4458986240489,0
80.63709959293682,55.90179215058292,10.059442327734448,25.470475620300626,1
55.08869292931652,48.73662964393779,8.35406389858759,31.757061403125594,1
72.23505656842617,51.38921931285384,9.789008120682189,29.928130178468358,1
65.7838616133365,57.01075571569606,9.777981159114479,19.563158184797242,0
61.8016161920926,58.09020898644011,9.58209157599617,24.757625167920985,0
76.75606257383029,51.541612012669,10.580290990607857,24.36380679171528,0
57.9784438279932,54.08750955290195,8.177174108517134,26.643663608461658,2
66.20614206525163,48.64747168917315,9.257428380684185,29.990776542475423,0
77.72357848043245,52.44384007465125,11.158054096593926,24.691431659583795,1
83.47592246269532,54.3798007426042,13.378750085031216,30.44709082628808,1
71.10038844218116,48.895537984923976,11.036211917949009,27.673738981205418,2
62.69246672037811,50.4706400386235,9.766010482205123,24.81645359794956,1
70.8633427305323,51.50051897720183,8.482866003070194,25.41148566373231,0
74.11450331676947,49.90349341888338,11.034103150965416,20.03206812782949,0
62.32903605315672,55.4578381607698,10.83179516441373,27.537805727703788,0
54.03964161435489,45.14652552012163,8.96010815541022,26.237192625331335,1
79.71398327641907,54.14432235702793,13.190425946317811,31.714678839352448,0
65.83116114379881,49.03152498675388,8.810871005944303,30.970735477190964,0
80.21797729978579,45.962374049214816,11.567659840225671,38.188637152014856,1
84.54806472586141,52.18171003913982,13.37468181613035,35.83451935319976,2
86.15980477769374,45.04240517773161,7.254318746079372,35.29506595741382,1
76.96731157151397,48.31876031579519,9.206513929021435,37.087111866337615,1
83.13019717097288,48.66868766721812,10.13594384727606,34.199825381658634,1
77.25212608259388,52.139102606665496,10.294240899322096,25.43149912793858,1
75.95745479448705,58.44370365940661,10.233748323317709,29.351115639474443,0
63.882632968163676,47.273799979791825,9.00081700576559,22.89106144486059,1
95.91440035881986,45.05898304922776,9.193153414120614,30.20016974416171,1
66.37914816707494,56.64690523093521,9.902914893915689,19.75406154618559,0
73.83423194233595,56.41727993544031,8.5360336327685,21.39660100687149,1
60.643379039671984,42.99474427644928,8.907245399594178,33.404417612413276,0
76.64947860181634,48.198122934483266,10.913870114802341,31.28301116601974,0
64.60918092324607,51.80348399094473,10.691229353002425,35.282392519595255,1
80.26109683945523,57.92223950915086,11.315716111831524,23.785766921903594,1
84.84990576254337,49.881812492752985,10.354664494552331,26.950903813594934,1
65.5949295462422,48.83724771212135,8.938721883882174,30.84767864958794,0
63.50361488033708,51.661325964724895,10.590054260905593,36.72727900873363,1
72.97131203652485,50.248445278230626,9.635181547214508,34.28882545471516,0
67.77728745613317,47.169442134753936,10.565531810852153,27.64289931571329,1
56.27324711259915,46.190119322901694,9.489682717418413,33.37913390945087,1
62.02163661470107,50.049224481092395,10.900055154510826,31.044199039082486,0
76.16774072296899,50.77866701245293,10.253178363803496,35.60893292126314,1
74.14605349235423,51.66821865214594,10.132845836549812,36.27684272860833,1
80.06833649124053,38.69631929406,11.560072360490304,36.54694542720993,0
69.94495747527857,51.795826059695024,10.481677649003473,32.29765743987718,0
77.96695938168602,47.45010964301882,11.971689859805048,30.202053359438807,1
61.850349538205315,48.845322172024126,10.970556480207101,30.326324032997455,0
54.467414626077655,43.99317373081922,9.2624443517281,32.646445755963995,1
78.3524766288638,55.36552510000825,8.849045897916364,26.5918403142791,1
61.063672902232895,47.59132737217931,10.958334229076188,44.52741323552932,0
